ID,Fwy,Lat,Lng
1114091,I5-N,32.542842,-117.030331
1118333,I5-N,32.543777,-117.031517
1118348,I5-N,32.557644,-117.059898
1114720,I5-N,32.561334,-117.067081
1118352,I5-N,32.566146999999994,-117.074193
1118743,I5-N,32.577095,-117.08287800000001
1123135,I5-N,32.595086,-117.08863799999999
1123133,I5-N,32.595101,-117.08863999999998
1120362,I5-N,32.604051,-117.08976299999999
1118796,I5-N,32.613851000000004,-117.09091799999999
1118735,I5-N,32.630551000000004,-117.09624099999999
1118450,I5-N,32.640259,-117.100052
1114190,I5-N,32.658963,-117.107386
1123331,I5-N,32.670525,-117.111203
1118479,I5-N,32.673051,-117.110394
1114205,I5-N,32.686187,-117.11275
1125469,I5-N,32.688981,-117.115932
1125472,I5-N,32.688981,-117.115932
1114211,I5-N,32.694337,-117.12475900000001
1122515,I5-N,32.69457,-117.130324
1117762,I5-N,32.694578,-117.12946200000002
1114219,I5-N,32.694337,-117.12475900000001
1117782,I5-N,32.706202000000005,-117.147449
1117796,I5-N,32.712585,-117.14753200000001
1117809,I5-N,32.717974,-117.14760700000001
1120367,I5-N,32.717974,-117.14760700000001
1117748,I5-N,32.723971,-117.150962
1113976,I5-N,32.724117,-117.15609099999999
1117741,I5-N,32.723871,-117.164331
1113481,I5-N,32.72817,-117.16844499999999
1108603,I5-N,32.72817,-117.16844499999999
1108604,I5-N,32.72817,-117.16844499999999
1117835,I5-N,32.731968,-117.17169399999999
1118078,I5-N,32.735428999999996,-117.17478500000001
1117717,I5-N,32.735914,-117.175223
1108611,I5-N,32.742189,-117.18160400000001
1108612,I5-N,32.742189,-117.18160400000001
1108613,I5-N,32.743821000000004,-117.185125
1108614,I5-N,32.743821000000004,-117.185125
1114050,I5-N,32.746559999999995,-117.190927
1108617,I5-N,32.750204,-117.196172
1108618,I5-N,32.750204,-117.196172
1122434,I5-N,32.750068,-117.196046
1118496,I5-N,32.768302,-117.206075
1122588,I5-N,32.76833,-117.206083
1126405,I5-N,32.770668,-117.206677
1126411,I5-N,32.770668,-117.206677
1127195,I5-N,32.770668,-117.206677
1114805,I5-N,32.779348999999996,-117.20833200000001
1114037,I5-N,32.786214,-117.20713
1114035,I5-N,32.786214,-117.20713
1108547,I5-N,32.792508000000005,-117.207356
1100313,I5-N,32.788206,-117.20688999999999
1108548,I5-N,32.792508000000005,-117.207356
1118707,I5-N,32.797132,-117.20954099999999
1122814,I5-N,32.797157,-117.209556
1118521,I5-N,32.807939000000005,-117.21658899999998
1108666,I5-N,32.815089,-117.22215800000001
1108665,I5-N,32.815089,-117.22215800000001
1119637,I5-N,32.834969,-117.233294
1120370,I5-N,32.835512,-117.233527
1122594,I5-N,32.837787,-117.23452900000001
1118537,I5-N,32.848758000000004,-117.235323
1114296,I5-N,32.855148,-117.231251
1118544,I5-N,32.864509999999996,-117.22973600000002
1108719,I5-N,32.871703000000004,-117.229123
1108720,I5-N,32.871703000000004,-117.229123
1113468,I5-N,32.871703000000004,-117.229123
1122536,I5-N,32.911982,-117.228523
1118170,I5-N,32.918784,-117.235428
1120723,I5-N,32.918784,-117.235428
1120724,I5-N,32.918784,-117.235428
1122553,I5-N,32.918909,-117.235565
1122552,I5-N,32.918909,-117.235565
1122575,I5-N,32.925983,-117.23942
1122576,I5-N,32.925983,-117.23942
1119822,I5-N,32.931143,-117.240825
1108438,I5-N,32.935788,-117.24131399999999
1108437,I5-N,32.935788,-117.24131399999999
1113514,I5-N,32.935788,-117.24131399999999
1115277,I5-N,32.930695,-117.240733
1108436,I5-N,32.935788,-117.24131399999999
1119828,I5-N,32.943477,-117.242328
1120104,I5-N,32.943506,-117.242333
1120107,I5-N,32.943535,-117.24233899999999
1108507,I5-N,32.952314,-117.243976
1100323,I5-N,32.947765999999994,-117.243147
1108508,I5-N,32.952314,-117.243976
1119679,I5-N,32.962322,-117.24630900000001
1120385,I5-N,32.962336,-117.24631399999998
1119850,I5-N,32.969013000000004,-117.24883100000001
1120394,I5-N,32.969027000000004,-117.24883600000001
1100326,I5-N,32.97674,-117.251751
1108510,I5-N,32.979329,-117.25270900000001
1122734,I5-N,32.979357,-117.252719
1108509,I5-N,32.979329,-117.25270900000001
1108511,I5-N,32.982996,-117.25410500000001
1126614,I5-N,32.987715,-117.255119
1100330,I5-N,32.993716,-117.256045
1108512,I5-N,32.997569,-117.25673
1108513,I5-N,32.997569,-117.25673
1120694,I5-N,32.995523,-117.25635600000001
1120732,I5-N,32.994634999999995,-117.25618200000001
1119645,I5-N,33.00551,-117.25907
1120415,I5-N,33.005523,-117.259079
1127151,I5-N,33.010571,-117.26477
1119659,I5-N,33.017612,-117.27184
1122510,I5-N,33.027309,-117.27524199999999
1122016,I5-N,33.027309,-117.27524199999999
1122507,I5-N,33.027309,-117.27524199999999
1122001,I5-N,33.037208,-117.281927
1125309,I5-N,33.037208,-117.281927
1125314,I5-N,33.037208,-117.281927
1122513,I5-N,33.048097999999996,-117.286976
1122068,I5-N,33.048097999999996,-117.286976
1122512,I5-N,33.048097999999996,-117.286976
1119879,I5-N,33.055577,-117.289125
1108651,I5-N,33.066891,-117.292681
1113518,I5-N,33.066891,-117.292681
1108652,I5-N,33.066891,-117.292681
1119890,I5-N,33.073419,-117.294587
1113806,I5-N,33.086077,-117.299048
1108663,I5-N,33.086077,-117.299048
1108664,I5-N,33.086077,-117.299048
1119903,I5-N,33.09232,-117.303146
1108683,I5-N,33.105403,-117.31160700000001
1108682,I5-N,33.105403,-117.31160700000001
1113943,I5-N,33.105403,-117.31160700000001
1119921,I5-N,33.115949,-117.31811
1108688,I5-N,33.123940000000005,-117.32296000000001
1100340,I5-N,33.11957,-117.32030900000001
1108687,I5-N,33.123940000000005,-117.32296000000001
1108659,I5-N,33.136599,-117.330302
1113800,I5-N,33.136599,-117.330302
1108660,I5-N,33.136599,-117.330302
1119928,I5-N,33.142807,-117.33320900000001
1119934,I5-N,33.155404,-117.338099
1119941,I5-N,33.167741,-117.34438700000001
1126594,I5-N,33.167741,-117.34438700000001
1119947,I5-N,33.173355,-117.348324
1120112,I5-N,33.17338,-117.348343
1115289,I5-N,33.179859,-117.353416
1115304,I5-N,33.191415,-117.363042
1115306,I5-N,33.200815999999996,-117.373244
1115314,I5-N,33.203683000000005,-117.381192
1115323,I5-N,33.268349,-117.436582
1119960,I5-N,33.224874,-117.393754
1119972,I5-N,33.236554,-117.40592
1119984,I5-N,33.246111,-117.41736399999999
1119990,I5-N,33.25805,-117.426272
1121692,I5-N,33.281566999999995,-117.449193
1121707,I5-N,33.303917,-117.470642
1121724,I5-N,33.363,-117.540497
1121731,I5-N,33.383518,-117.577735
1121737,I5-N,33.393542,-117.59156100000001
1127030,I5-N,33.393542,-117.59156100000001
1114228,I5-S,32.542721,-117.03048500000001
1118326,I5-S,32.543587,-117.031769
1118341,I5-S,32.558422,-117.06236000000001
1114721,I5-S,32.561106,-117.067228
1118365,I5-S,32.562859,-117.069998
1118372,I5-S,32.576983,-117.083123
1118379,I5-S,32.586324,-117.087376
1118695,I5-S,32.595653000000006,-117.08899699999999
1123134,I5-S,32.59507,-117.088901
1120356,I5-S,32.613849,-117.091173
1118413,I5-S,32.621946,-117.093171
1118428,I5-S,32.630458000000004,-117.096492
1114240,I5-S,32.658879999999996,-117.10767
1118465,I5-S,32.671746999999996,-117.11123700000002
1118472,I5-S,32.67696,-117.10946299999999
1114254,I5-S,32.685989,-117.11306299999998
1118076,I5-S,32.68395,-117.111888
1126864,I5-S,32.694108,-117.12484099999999
1117755,I5-S,32.694358,-117.12946699999999
1114268,I5-S,32.694103999999996,-117.124824
1117774,I5-S,32.7062,-117.147722
1117789,I5-S,32.712581,-117.147751
1122517,I5-S,32.712610999999995,-117.147752
1117810,I5-S,32.717944,-117.147838
1120743,I5-S,32.71803,-117.147847
1117683,I5-S,32.723795,-117.15106100000001
1113977,I5-S,32.723901,-117.156051
1108417,I5-S,32.723849,-117.156302
1108418,I5-S,32.723849,-117.156302
1117734,I5-S,32.725605,-117.166389
1108605,I5-S,32.731171999999994,-117.17131299999998
1108606,I5-S,32.731171999999994,-117.17131299999998
1118702,I5-S,32.735387,-117.17506399999999
1117724,I5-S,32.735815,-117.175452
1108610,I5-S,32.740771,-117.17975700000001
1108609,I5-S,32.740771,-117.17975700000001
1117871,I5-S,32.743125,-117.184141
1108616,I5-S,32.746829999999996,-117.19199099999999
1100348,I5-S,32.748777000000004,-117.19506200000001
1108615,I5-S,32.746829999999996,-117.19199099999999
1117818,I5-S,32.749347,-117.19572600000001
1126419,I5-S,32.768531,-117.206423
1126426,I5-S,32.768531,-117.206423
1114806,I5-S,32.779286,-117.2086
1100353,I5-S,32.791267,-117.207352
1108711,I5-S,32.786195,-117.20740500000001
1108712,I5-S,32.786195,-117.20740500000001
1108713,I5-S,32.789257,-117.207153
1108693,I5-S,32.797079,-117.209814
1108694,I5-S,32.797079,-117.209814
1119308,I5-S,32.807319,-117.21645
1119307,I5-S,32.807319,-117.21645
1118529,I5-S,32.815542,-117.22295600000001
1120472,I5-S,32.833981,-117.233282
1108668,I5-S,32.833981,-117.233282
1127089,I5-S,32.836089,-117.23410700000001
1108667,I5-S,32.833981,-117.233282
1119817,I5-S,32.842471999999994,-117.23661000000001
1122596,I5-S,32.842501,-117.23661000000001
1100363,I5-S,32.853244000000004,-117.23283
1108670,I5-S,32.847539000000005,-117.236023
1108669,I5-S,32.847539000000005,-117.236023
1108453,I5-S,32.86542,-117.229933
1108452,I5-S,32.86542,-117.229933
1108497,I5-S,32.869675,-117.22954299999999
1100369,I5-S,32.874663,-117.22912099999999
1108499,I5-S,32.872445,-117.22930600000001
1108498,I5-S,32.872445,-117.22930600000001
1127123,I5-S,32.908625,-117.22684
1122544,I5-S,32.911761,-117.228812
1120754,I5-S,32.91625,-117.232541
1118152,I5-S,32.91625,-117.232541
1120749,I5-S,32.91625,-117.232541
1122560,I5-S,32.918796,-117.23571899999999
1122567,I5-S,32.918817,-117.23574199999999
1122561,I5-S,32.919669,-117.236554
1122584,I5-S,32.925907,-117.23966100000001
1122583,I5-S,32.925907,-117.23966100000001
1113026,I5-S,32.932199,-117.241271
1100372,I5-S,32.935518,-117.241569
1108434,I5-S,32.930636,-117.241019
1108435,I5-S,32.930636,-117.241019
1119834,I5-S,32.943442,-117.242594
1120377,I5-S,32.943428000000004,-117.24259199999999
1120374,I5-S,32.943471,-117.2426
1119528,I5-S,32.952467999999996,-117.244298
1100377,I5-S,32.952969,-117.24439299999999
1108432,I5-S,32.950361,-117.243898
1119284,I5-S,32.952353,-117.244277
1119842,I5-S,32.96573,-117.24785700000001
1120388,I5-S,32.965742999999996,-117.24786200000001
1108468,I5-S,32.9806,-117.253496
1100381,I5-S,32.983511,-117.25456799999999
1108469,I5-S,32.9806,-117.253496
1120314,I5-S,32.9806,-117.253496
1108471,I5-S,32.993896,-117.256417
1108472,I5-S,32.993896,-117.256417
1100384,I5-S,32.998264,-117.25708300000001
1120740,I5-S,32.995208,-117.256294
1119532,I5-S,32.995955,-117.25672
1100387,I5-S,33.01282,-117.267692
1108473,I5-S,33.011021,-117.265657
1108474,I5-S,33.011021,-117.265657
1119666,I5-S,33.017511999999996,-117.27205900000001
1100390,I5-S,33.028286,-117.27623899999999
1108476,I5-S,33.023196,-117.27376100000001
1108475,I5-S,33.023196,-117.27376100000001
1108477,I5-S,33.034109,-117.280149
1100393,I5-S,33.038329,-117.283004
1108478,I5-S,33.034109,-117.280149
1108480,I5-S,33.046313,-117.286725
1100396,I5-S,33.05142,-117.28824099999999
1108479,I5-S,33.046313,-117.286725
1119877,I5-S,33.055523,-117.289401
1108724,I5-S,33.063387,-117.29186100000001
1108723,I5-S,33.063387,-117.29186100000001
1113960,I5-S,33.063387,-117.29186100000001
1119897,I5-S,33.073371,-117.294873
1113803,I5-S,33.081594,-117.297304
1108726,I5-S,33.081594,-117.297304
1108725,I5-S,33.081594,-117.297304
1119909,I5-S,33.092248,-117.30338300000001
1108680,I5-S,33.101294,-117.309226
1108681,I5-S,33.101294,-117.309226
1113939,I5-S,33.101294,-117.309226
1119915,I5-S,33.112683000000004,-117.316473
1108684,I5-S,33.120034000000004,-117.32091299999999
1100407,I5-S,33.125191,-117.324048
1108685,I5-S,33.122972999999995,-117.322702
1108686,I5-S,33.122972999999995,-117.322702
1108662,I5-S,33.132498,-117.32842
1108661,I5-S,33.132498,-117.32842
1113797,I5-S,33.132498,-117.32842
1113794,I5-S,33.150653999999996,-117.335723
1108561,I5-S,33.150653999999996,-117.335723
1108560,I5-S,33.150653999999996,-117.335723
1113791,I5-S,33.161809999999996,-117.34173899999999
1108658,I5-S,33.161809999999996,-117.34173899999999
1108657,I5-S,33.161809999999996,-117.34173899999999
1108463,I5-S,33.169332,-117.34569199999999
1108464,I5-S,33.169332,-117.34569199999999
1113788,I5-S,33.169332,-117.34569199999999
1113782,I5-S,33.179471,-117.353435
1108462,I5-S,33.179471,-117.353435
1108461,I5-S,33.179471,-117.353435
1113780,I5-S,33.190633,-117.362749
1108460,I5-S,33.190633,-117.362749
1108459,I5-S,33.190633,-117.362749
1108673,I5-S,33.200559000000005,-117.37328000000001
1108672,I5-S,33.200559000000005,-117.37328000000001
1113776,I5-S,33.200559000000005,-117.37328000000001
1108674,I5-S,33.198722,-117.36974199999999
1122252,I5-S,33.210909,-117.38771499999999
1122257,I5-S,33.210909,-117.38771499999999
1122250,I5-S,33.210909,-117.38771499999999
1119954,I5-S,33.218567,-117.39110900000001
1119966,I5-S,33.230196,-117.400904
1119978,I5-S,33.240152,-117.413376
1119997,I5-S,33.257953,-117.426547
1121702,I5-S,33.28155,-117.44953000000001
1121712,I5-S,33.303926000000004,-117.470979
1121715,I5-S,33.336621,-117.50336599999999
1121734,I5-S,33.383349,-117.578043
1113951,I8-E,32.759557,-117.17366799999999
1113486,I8-E,32.760689,-117.168683
1116570,I8-E,32.759557,-117.17366799999999
1111514,I8-E,32.755748,-117.23278400000001
1115413,I8-E,32.763372,-117.16133799999999
1108728,I8-E,32.756831,-117.223377
1108729,I8-E,32.756831,-117.223377
1115432,I8-E,32.765198,-117.154206
1115438,I8-E,32.767586,-117.14542
1114540,I8-E,32.760498,-117.169513
1115426,I8-E,32.764511,-117.15691799999999
1111566,I8-E,32.765546,-117.15280200000001
1116300,I8-E,32.765546,-117.15280200000001
1115444,I8-E,32.767860999999996,-117.144769
1116783,I8-E,32.770352,-117.13743899999999
1108371,I8-E,32.770352,-117.13743899999999
1108369,I8-E,32.770356,-117.137423
1113418,I8-E,32.770352,-117.13743899999999
1100416,I8-E,32.768283000000004,-117.14377900000001
1116706,I8-E,32.771056,-117.13443400000001
1122625,I8-E,32.771056,-117.13443400000001
1111565,I8-E,32.771056,-117.13443400000001
1111549,I8-E,32.778521999999995,-117.11230800000001
1115450,I8-E,32.778557,-117.109532
1115454,I8-E,32.779090999999994,-117.10068600000001
1108367,I8-E,32.778954,-117.10166799999999
1108366,I8-E,32.778954,-117.10166799999999
1127052,I8-E,32.780008,-117.09498799999999
1114573,I8-E,32.779857,-117.080031
1113435,I8-E,32.780608,-117.086932
1116293,I8-E,32.780608,-117.086932
1111564,I8-E,32.780608,-117.086932
1118752,I8-E,32.778134,-117.0595
1126977,I8-E,32.772582,-117.01681699999999
1126979,I8-E,32.772582,-117.01681699999999
1126974,I8-E,32.772582,-117.01681699999999
1111534,I8-E,32.774341,-117.012345
1127026,I8-E,32.774956,-117.010577
1126965,I8-E,32.778355,-117.001957
1111535,I8-E,32.77337,-117.03030600000001
1126968,I8-E,32.778355,-117.001957
1115463,I8-E,32.778934,-116.989776
1113430,I8-E,32.782739,-116.980888
1111532,I8-E,32.782739,-116.980888
1111531,I8-E,32.795451,-116.976955
1111530,I8-E,32.801931,-116.97294699999999
1122636,I8-E,32.804252000000005,-116.923029
1111561,I8-E,32.802946999999996,-116.94955300000001
1122645,I8-E,32.807509,-116.91965
1111563,I8-E,32.802953,-116.938854
1115537,I8-E,32.802941,-116.9274
1115541,I8-E,32.804955,-116.921929
1115477,I8-E,32.815535,-116.91376100000001
1125476,I8-E,32.816014,-116.913246
1116690,I8-E,32.80316,-116.93885700000001
1111575,I8-E,32.826429,-116.90323799999999
1115486,I8-E,32.829827,-116.898784
1111569,I8-E,32.811963,-116.916858
1115490,I8-E,32.839397,-116.888318
1113364,I8-E,32.844457,-116.881098
1116575,I8-W,32.759691,-117.201429
1116574,I8-W,32.759826000000004,-117.20017299999999
1111515,I8-W,32.760559,-117.19274899999999
1115555,I8-W,32.761829,-117.16531
1115565,I8-W,32.762058,-117.16468300000001
1114546,I8-W,32.760666,-117.169559
1122763,I8-W,32.773995,-117.126658
1115548,I8-W,32.766593,-117.149413
1111540,I8-W,32.765737,-117.152854
1115572,I8-W,32.768812,-117.14327800000001
1111541,I8-W,32.77057,-117.13750300000001
1116165,I8-W,32.763296999999994,-117.162027
1115632,I8-W,32.763296999999994,-117.162027
1115578,I8-W,32.771677000000004,-117.132551
1111550,I8-W,32.778719,-117.11231399999998
1122623,I8-W,32.780963,-117.084181
1115584,I8-W,32.778745,-117.10938999999999
1115592,I8-W,32.779052,-117.102755
1115600,I8-W,32.780256,-117.09496899999999
1118760,I8-W,32.778313,-117.059444
1108334,I8-W,32.780922,-117.089026
1100434,I8-W,32.781065000000005,-117.085518
1108333,I8-W,32.780922,-117.089026
1108343,I8-W,32.771303,-117.024786
1108344,I8-W,32.771303,-117.024786
1108345,I8-W,32.774053,-117.01376
1100451,I8-W,32.774809999999995,-117.01169399999999
1108346,I8-W,32.774053,-117.01376
1118767,I8-W,32.773373,-117.037209
1108424,I8-W,32.776707,-117.006354
1100454,I8-W,32.778290000000005,-117.00256399999999
1108330,I8-W,32.776802,-117.00608000000001
1108423,I8-W,32.776707,-117.006354
1108350,I8-W,32.77717,-117.005054
1108342,I8-W,32.773821999999996,-117.031274
1108341,I8-W,32.773821999999996,-117.031274
1108348,I8-W,32.778392,-117.002356
1100461,I8-W,32.779359,-116.994505
1108347,I8-W,32.778392,-117.002356
1115608,I8-W,32.779187,-116.989791
1108352,I8-W,32.779641,-116.98386599999999
1108351,I8-W,32.779641,-116.98386599999999
1108354,I8-W,32.793364000000004,-116.977528
1108353,I8-W,32.793364000000004,-116.977528
1108385,I8-W,32.802207,-116.972975
1108386,I8-W,32.802207,-116.972975
1108388,I8-W,32.803146000000005,-116.96128700000001
1108387,I8-W,32.803146000000005,-116.96128700000001
1116313,I8-W,32.803146000000005,-116.96128700000001
1108714,I8-W,32.803153,-116.96313
1100475,I8-W,32.803157,-116.95735800000001
1108355,I8-W,32.803145,-116.96099699999999
1122637,I8-W,32.803352000000004,-116.926216
1100478,I8-W,32.803168,-116.948613
1108357,I8-W,32.803134,-116.95361499999999
1108356,I8-W,32.803134,-116.95361499999999
1122646,I8-W,32.807617,-116.91988300000001
1108359,I8-W,32.80316,-116.93885700000001
1108358,I8-W,32.80316,-116.93885700000001
1115612,I8-W,32.803208000000005,-116.927415
1115616,I8-W,32.805094,-116.92206599999999
1108390,I8-W,32.810033000000004,-116.918353
1108389,I8-W,32.810033000000004,-116.918353
1115620,I8-W,32.815678000000005,-116.913996
1100486,I8-W,32.828103000000006,-116.901473
1108420,I8-W,32.825064000000005,-116.905527
1108419,I8-W,32.825064000000005,-116.905527
1115624,I8-W,32.830008,-116.89894199999999
1122447,I8-W,32.830106,-116.89881499999998
1115628,I8-W,32.83961,-116.888428
1108467,I8-W,32.843678000000004,-116.88373
1108421,I8-W,32.84474,-116.88122800000001
1100491,I8-W,32.84527,-116.878877
1108422,I8-W,32.84474,-116.88122800000001
1126484,SR11-E,32.563648,-116.949472
1126497,SR11-W,32.564398,-116.949606
1126505,SR11-W,32.564077000000005,-116.942823
1126517,SR11-W,32.564034,-116.938179
1126513,SR11-W,32.564034,-116.938179
1119689,I15-N,32.701162,-117.12063899999998
1119694,I15-N,32.705882,-117.120433
1122948,I15-N,32.715149,-117.117717
1122942,I15-N,32.716822,-117.117751
1118886,I15-N,32.723255,-117.11530800000001
1123179,I15-N,32.733487,-117.111847
1123165,I15-N,32.733487,-117.111847
1118923,I15-N,32.743033000000004,-117.11093400000001
1108747,I15-N,32.749311,-117.108575
1113810,I15-N,32.749311,-117.108575
1108748,I15-N,32.749311,-117.108575
1108749,I15-N,32.754781,-117.108608
1113816,I15-N,32.754781,-117.108608
1108750,I15-N,32.754781,-117.108608
1113823,I15-N,32.763366999999995,-117.10908899999998
1108752,I15-N,32.763366999999995,-117.10908899999998
1108751,I15-N,32.763366999999995,-117.10908899999998
1119715,I15-N,32.779203,-117.112407
1122450,I15-N,32.786152,-117.114173
1117890,I15-N,32.786152,-117.114173
1108528,I15-N,32.790973,-117.11268700000001
1100530,I15-N,32.788845,-117.11351200000001
1108529,I15-N,32.790973,-117.11268700000001
1114044,I15-N,32.798916,-117.112297
1115649,I15-N,32.803148,-117.112746
1113603,I15-N,32.809740999999995,-117.113759
1108656,I15-N,32.809740999999995,-117.113759
1108655,I15-N,32.809740999999995,-117.113759
1115656,I15-N,32.814671999999995,-117.11453200000001
1108531,I15-N,32.82201,-117.11608400000001
1100534,I15-N,32.818506,-117.11538700000001
1108532,I15-N,32.82201,-117.11608400000001
1100533,I15-N,32.818506,-117.11538700000001
1108530,I15-N,32.824821,-117.11666799999999
1115663,I15-N,32.827571,-117.11726000000002
1100538,I15-N,32.831083,-117.118074
1108534,I15-N,32.835563,-117.11956200000002
1108535,I15-N,32.835563,-117.11956200000002
1115666,I15-N,32.833182,-117.11858600000001
1115672,I15-N,32.842557,-117.120019
1115713,I15-N,32.848411,-117.11663600000001
1126633,I15-N,32.848425,-117.11663100000001
1120611,I15-N,32.863295,-117.11013799999999
1115721,I15-N,32.868138,-117.10783700000002
1117909,I15-N,32.875159000000004,-117.10689099999999
1100498,I15-N,32.876977000000004,-117.10722700000001
1108537,I15-N,32.882107,-117.10896100000001
1108536,I15-N,32.882107,-117.10896100000001
1122469,I15-N,32.887474,-117.11206100000001
1120167,I15-N,32.893190000000004,-117.114875
1120614,I15-N,32.892913,-117.11478000000001
1120168,I15-N,32.893190000000004,-117.114875
1108455,I15-N,32.892621999999996,-117.11468
1113478,I15-N,32.905491999999995,-117.116193
1108440,I15-N,32.905491999999995,-117.116193
1108439,I15-N,32.905491999999995,-117.116193
1115829,I15-N,32.908887,-117.116588
1115739,I15-N,32.908879,-117.11619499999999
1108500,I15-N,32.919581,-117.115478
1100504,I15-N,32.913261999999996,-117.116078
1108415,I15-N,32.916301000000004,-117.11588300000001
1108416,I15-N,32.916301000000004,-117.11588300000001
1115749,I15-N,32.925752,-117.114152
1108717,I15-N,32.938546,-117.110496
1108718,I15-N,32.938546,-117.110496
1108585,I15-N,32.947431,-117.106241
1108587,I15-N,32.949754999999996,-117.104638
1113932,I15-N,32.949754999999996,-117.104638
1108586,I15-N,32.947431,-117.106241
1122487,I15-N,32.952937,-117.102548
1113985,I15-N,32.964345,-117.09535
1122282,I15-N,32.964293,-117.095382
1113996,I15-N,32.964345,-117.09535
1108589,I15-N,32.96716,-117.09358799999998
1123002,I15-N,32.972061,-117.090496
1123013,I15-N,32.972086,-117.09048
1108590,I15-N,32.980664000000004,-117.08504199999999
1108591,I15-N,32.980664000000004,-117.08504199999999
1113663,I15-N,32.980664000000004,-117.08504199999999
1123029,I15-N,32.985040999999995,-117.082852
1122962,I15-N,32.98507,-117.082847
1123030,I15-N,32.992692,-117.08340700000001
1113936,I15-N,32.999805,-117.082333
1108592,I15-N,32.999805,-117.082333
1108593,I15-N,32.999805,-117.082333
1120994,I15-N,33.004858,-117.080707
1121044,I15-N,33.004886,-117.080699
1108598,I15-N,33.013752000000004,-117.07943200000001
1107608,I15-N,33.00925,-117.07992800000001
1108597,I15-N,33.013752000000004,-117.07943200000001
1121037,I15-N,33.017302,-117.079039
1121052,I15-N,33.017351,-117.079472
1108594,I15-N,33.02214,-117.078617
1107611,I15-N,33.019622999999996,-117.07876100000001
1108595,I15-N,33.025461,-117.078625
1108596,I15-N,33.025461,-117.078625
1121035,I15-N,33.034407,-117.077023
1121099,I15-N,33.041631,-117.07401100000001
1121135,I15-N,33.041659,-117.074
1121067,I15-N,33.074062,-117.070048
1121131,I15-N,33.050286,-117.07266899999999
1108562,I15-N,33.05534,-117.071503
1100524,I15-N,33.052693,-117.07234199999999
1108563,I15-N,33.05534,-117.071503
1121118,I15-N,33.061562,-117.069
1113503,I15-N,33.068118,-117.06907700000001
1108767,I15-N,33.068118,-117.06907700000001
1108768,I15-N,33.068118,-117.06907700000001
1119438,I15-N,33.081553,-117.07242600000001
1125872,I15-N,33.086753,-117.07637700000001
1108769,I15-N,33.093581,-117.08357
1113644,I15-N,33.093581,-117.08357
1125486,I15-N,33.092857,-117.08278700000001
1108770,I15-N,33.093581,-117.08357
1125886,I15-N,33.100535,-117.09004099999999
1113647,I15-N,33.109901,-117.09559399999999
1108772,I15-N,33.109901,-117.09559399999999
1108771,I15-N,33.109901,-117.09559399999999
1122502,I15-N,33.109784999999995,-117.095526
1113650,I15-N,33.117315999999995,-117.099951
1108773,I15-N,33.117315999999995,-117.099951
1108774,I15-N,33.117315999999995,-117.099951
1125324,I15-N,33.116398,-117.099391
1123148,I15-N,33.118733,-117.100788
1123159,I15-N,33.118798,-117.100825
1119736,I15-N,33.133088,-117.105003
1119743,I15-N,33.142901,-117.10450900000001
1119749,I15-N,33.157090000000004,-117.10403899999999
1119762,I15-N,33.166377000000004,-117.10773
1119774,I15-N,33.178414000000004,-117.11471200000001
1119780,I15-N,33.192903,-117.122965
1121751,I15-N,33.317188,-117.153998
1126231,I15-N,33.329945,-117.15901399999998
1126235,I15-N,33.329945,-117.15901399999998
1121757,I15-N,33.357444,-117.158725
1121763,I15-N,33.406738,-117.164546
1119683,I15-S,32.701146,-117.12093700000001
1117920,I15-S,32.715149,-117.117869
1122945,I15-S,32.715149,-117.117869
1119808,I15-S,32.723259999999996,-117.11553400000001
1118900,I15-S,32.733539,-117.11215
1123114,I15-S,32.743120000000005,-117.11136100000002
1108753,I15-S,32.749164,-117.109003
1108754,I15-S,32.749164,-117.109003
1113813,I15-S,32.749164,-117.109003
1108755,I15-S,32.754635,-117.10897800000001
1108756,I15-S,32.754635,-117.10897800000001
1113820,I15-S,32.754635,-117.10897800000001
1113826,I15-S,32.763216,-117.109403
1108758,I15-S,32.763216,-117.109403
1108757,I15-S,32.763216,-117.109403
1119707,I15-S,32.779159,-117.11264299999999
1116700,I15-S,32.785874,-117.11448700000001
1115763,I15-S,32.785874,-117.11448700000001
1117931,I15-S,32.786162,-117.11446399999998
1108526,I15-S,32.78832,-117.11396200000001
1108527,I15-S,32.78832,-117.11396200000001
1100586,I15-S,32.790292,-117.11321299999999
1108715,I15-S,32.798386,-117.11258400000001
1108716,I15-S,32.798386,-117.11258400000001
1115771,I15-S,32.803081,-117.113175
1108465,I15-S,32.808023,-117.113906
1108466,I15-S,32.808023,-117.113906
1113586,I15-S,32.808023,-117.113906
1115779,I15-S,32.814606,-117.114981
1108525,I15-S,32.820908,-117.11628300000001
1100592,I15-S,32.825627000000004,-117.11731699999999
1108524,I15-S,32.823767,-117.11689799999999
1108523,I15-S,32.823767,-117.11689799999999
1115787,I15-S,32.827515000000005,-117.117729
1108522,I15-S,32.831464000000004,-117.11858500000001
1100595,I15-S,32.845287,-117.118997
1108521,I15-S,32.831464000000004,-117.11858500000001
1122455,I15-S,32.842577,-117.12059599999999
1122456,I15-S,32.842577,-117.12059599999999
1115794,I15-S,32.842577,-117.12059599999999
1126631,I15-S,32.84837,-117.117157
1115802,I15-S,32.848383,-117.117151
1115811,I15-S,32.868068,-117.108534
1125859,I15-S,32.868193,-117.10849099999999
1117899,I15-S,32.875071999999996,-117.10758600000001
1108607,I15-S,32.877268,-117.107879
1113862,I15-S,32.877268,-117.107879
1108608,I15-S,32.877268,-117.107879
1115820,I15-S,32.886353,-117.11208
1125307,I15-S,32.887582,-117.112773
1108494,I15-S,32.891157,-117.11463799999999
1122272,I15-S,32.894046,-117.11570900000001
1108495,I15-S,32.894117,-117.115729
1100549,I15-S,32.896345000000004,-117.116281
1108496,I15-S,32.894117,-117.115729
1122479,I15-S,32.908916,-117.11658700000001
1125318,I15-S,32.90925,-117.11658500000001
1108493,I15-S,32.914467,-117.116394
1100553,I15-S,32.920598999999996,-117.115734
1108492,I15-S,32.917778999999996,-117.11611699999999
1108491,I15-S,32.917778999999996,-117.11611699999999
1115838,I15-S,32.925822,-117.11468400000001
1108450,I15-S,32.934157,-117.112293
1108451,I15-S,32.934157,-117.112293
1108488,I15-S,32.946529999999996,-117.107298
1100560,I15-S,32.951015999999996,-117.104198
1108489,I15-S,32.949064,-117.105522
1108490,I15-S,32.949064,-117.105522
1122494,I15-S,32.952945,-117.10296799999999
1108430,I15-S,32.956046,-117.101254
1108429,I15-S,32.956046,-117.101254
1123003,I15-S,32.972165999999994,-117.090864
1123031,I15-S,32.985177,-117.08322
1122925,I15-S,32.992818,-117.083901
1123006,I15-S,32.992818,-117.083901
1108426,I15-S,32.996167,-117.083758
1108425,I15-S,32.996167,-117.083758
1100568,I15-S,33.000729,-117.08241899999999
1121001,I15-S,33.004954,-117.08106200000002
1108520,I15-S,33.010174,-117.08026100000001
1108519,I15-S,33.010174,-117.08026100000001
1100571,I15-S,33.014809,-117.079746
1121038,I15-S,33.017322,-117.079475
1108540,I15-S,33.020848,-117.07910700000001
1108539,I15-S,33.023895,-117.079
1108538,I15-S,33.023895,-117.079
1100575,I15-S,33.026092999999996,-117.078999
1121165,I15-S,33.034451000000004,-117.07745200000001
1121034,I15-S,33.034506,-117.07742900000001
1121105,I15-S,33.04173,-117.074403
1121158,I15-S,33.050329999999995,-117.073049
1121125,I15-S,33.050388,-117.073047
1108542,I15-S,33.053532000000004,-117.07255
1108541,I15-S,33.053532000000004,-117.07255
1100578,I15-S,33.056075,-117.071503
1121112,I15-S,33.061597,-117.06931999999999
1121142,I15-S,33.061653,-117.069305
1108543,I15-S,33.066528000000005,-117.069176
1108544,I15-S,33.066528000000005,-117.069176
1121151,I15-S,33.074003000000005,-117.07036299999999
1121066,I15-S,33.074031,-117.070369
1108546,I15-S,33.076153999999995,-117.07076699999999
1125503,I15-S,33.08147,-117.072744
1108545,I15-S,33.076153999999995,-117.07076699999999
1125865,I15-S,33.086690999999995,-117.07671599999999
1108517,I15-S,33.090582,-117.080904
1108516,I15-S,33.090582,-117.080904
1100598,I15-S,33.095641,-117.08623100000001
1108558,I15-S,33.105807,-117.093528
1100601,I15-S,33.111107000000004,-117.096623
1108559,I15-S,33.105807,-117.093528
1125321,I15-S,33.116028,-117.099502
1108557,I15-S,33.115845,-117.09938999999999
1100604,I15-S,33.11796,-117.100678
1108556,I15-S,33.115845,-117.09938999999999
1125265,I15-S,33.125234999999996,-117.10443899999999
1100607,I15-S,33.150102000000004,-117.10446
1108554,I15-S,33.143537,-117.104817
1108555,I15-S,33.143537,-117.104817
1119756,I15-S,33.157067,-117.104348
1126812,I15-S,33.166230999999996,-117.10807
1119768,I15-S,33.178265,-117.11497299999999
1121748,I15-S,33.232597,-117.14739399999999
1126722,I15-S,33.357354,-117.159131
1120475,SR52-E,32.839763,-117.237137
1126257,SR52-E,32.837451,-117.234727
1118557,SR52-E,32.841394,-117.218295
1118567,SR52-E,32.846717,-117.204307
1114141,SR52-E,32.846153,-117.18848
1118575,SR52-E,32.839837,-117.16211100000001
1127191,SR52-E,32.837528000000006,-117.15241499999999
1118636,SR52-E,32.841626,-117.12261399999998
1121774,SR52-E,32.841719,-117.112297
1126253,SR52-E,32.842684000000006,-117.087957
1126587,SR52-E,32.848323,-117.07568500000001
1121794,SR52-E,32.850297,-117.07316399999999
1114520,SR52-E,32.853427,-117.05325800000001
1121806,SR52-E,32.853151000000004,-117.05155400000001
1114529,SR52-E,32.851092,-117.037986
1126583,SR52-E,32.848883,-117.030492
1113874,SR52-E,32.844097999999995,-117.02560700000001
1111526,SR52-E,32.843984999999996,-117.025934
1126738,SR52-E,32.84345,-117.025624
1114511,SR52-E,32.851092,-117.037986
1114162,SR52-W,32.838563,-117.234406
1118552,SR52-W,32.841671000000005,-117.21849099999999
1118562,SR52-W,32.847046,-117.204305
1114166,SR52-W,32.846481,-117.188474
1121771,SR52-W,32.847198999999996,-117.17441000000001
1118591,SR52-W,32.840086,-117.162103
1118630,SR52-W,32.841898,-117.122619
1121783,SR52-W,32.842946999999995,-117.087962
1126778,SR52-W,32.850718,-117.07319
1121803,SR52-W,32.853857,-117.067876
1126575,SR52-W,32.854113,-117.05573400000002
1126770,SR52-W,32.853459,-117.051468
1114515,SR52-W,32.851402,-117.037926
1121815,SR52-W,32.849108,-117.030286
1113871,SR52-W,32.844097999999995,-117.02560700000001
1111527,SR52-W,32.844097999999995,-117.02560700000001
1125383,SR52-W,,
1125380,SR52-W,,
1108690,SR54-E,32.664439,-117.055622
1108689,SR54-E,32.664439,-117.055622
1108731,SR54-E,32.674597999999996,-117.03785500000001
1122716,SR54-E,32.674597999999996,-117.03785500000001
1108732,SR54-E,32.674597999999996,-117.03785500000001
1108733,SR54-E,32.682378,-117.02877600000001
1113525,SR54-E,32.682378,-117.02877600000001
1108734,SR54-E,32.682378,-117.02877600000001
1108691,SR54-W,32.664083000000005,-117.05905700000001
1108692,SR54-W,32.664083000000005,-117.05905700000001
1116363,SR54-W,32.670834,-117.042801
1108735,SR54-W,32.670834,-117.042801
1108736,SR54-W,32.670834,-117.042801
1113527,SR54-W,32.678714,-117.03406299999999
1108738,SR54-W,32.678714,-117.03406299999999
1108737,SR54-W,32.678714,-117.03406299999999
1125689,SR56-E,32.934775,-117.23520900000001
1125684,SR56-E,32.934775,-117.23520900000001
1125680,SR56-E,32.934775,-117.23520900000001
1108740,SR56-E,32.938672,-117.22408100000001
1113620,SR56-E,32.938672,-117.22408100000001
1108739,SR56-E,32.938672,-117.22408100000001
1125668,SR56-E,32.940727,-117.22008400000001
1108741,SR56-E,32.94624,-117.208128
1125712,SR56-E,32.944548,-117.21295
1113613,SR56-E,32.94624,-117.208128
1125737,SR56-E,32.950976000000004,-117.197404
1113740,SR56-E,32.945788,-117.209457
1113741,SR56-E,32.945788,-117.209457
1113742,SR56-E,32.945788,-117.209457
1125721,SR56-E,32.965955,-117.177396
1125733,SR56-E,32.960096,-117.155172
1125207,SR56-E,32.95729,-117.15101299999999
1125216,SR56-E,32.95729,-117.15101299999999
1125210,SR56-E,32.95729,-117.15101299999999
1125610,SR56-E,32.953396999999995,-117.13337
1125605,SR56-E,32.954033,-117.128421
1125201,SR56-E,32.956215,-117.11993400000001
1125196,SR56-E,32.956215,-117.11993400000001
1113205,SR56-E,32.958346999999996,-117.113674
1125562,SR56-E,32.958444,-117.11343600000001
1125559,SR56-E,32.958444,-117.11343600000001
1125527,SR56-E,32.962525,-117.101272
1113615,SR56-W,32.937713,-117.22798999999999
1108744,SR56-W,32.937713,-117.22798999999999
1108743,SR56-W,32.937713,-117.22798999999999
1125672,SR56-W,32.940106,-117.22188799999999
1113609,SR56-W,32.945653,-117.21056499999999
1108746,SR56-W,32.945653,-117.21056499999999
1108745,SR56-W,32.945653,-117.21056499999999
1113723,SR56-W,32.945569,-117.21080900000001
1113721,SR56-W,32.945569,-117.21080900000001
1113720,SR56-W,32.945569,-117.21080900000001
1125631,SR56-W,32.952754,-117.193087
1113771,SR56-W,,
1113765,SR56-W,,
1113764,SR56-W,,
1113760,SR56-W,,
1125219,SR56-W,32.958577000000005,-117.152093
1126292,SR56-W,32.953681,-117.133374
1126294,SR56-W,32.953681,-117.133374
1126293,SR56-W,32.953681,-117.133374
1125575,SR56-W,32.954374,-117.12836100000001
1125546,SR56-W,32.958653000000005,-117.113729
1125543,SR56-W,32.958653000000005,-117.113729
1125548,SR56-W,32.958653000000005,-117.113729
1125531,SR56-W,32.962672,-117.101859
1126479,SR67-N,32.82632,-116.96161399999998
1126476,SR67-N,32.82632,-116.96161399999998
1126470,SR67-N,32.836541,-116.961871
1126472,SR67-N,32.83657,-116.961872
1121667,SR67-N,33.00898,-116.91499499999999
1126462,SR67-S,32.826336,-116.96186200000001
1126465,SR67-S,32.826378999999996,-116.96186499999999
1126455,SR67-S,32.836578,-116.962176
1126458,SR67-S,32.836578,-116.962176
1121663,SR67-S,33.010814,-116.942976
1126439,SR76-E,33.254688,-117.24176200000001
1126435,SR76-E,33.269193,-117.23623700000002
1126447,SR76-E,33.290768,-117.22551499999999
1126852,SR76-E,33.303867,-117.21373200000001
1126859,SR76-E,33.303877,-117.21372
1126442,SR76-W,33.254696,-117.241748
1126432,SR76-W,33.268485999999996,-117.236368
1126451,SR76-W,33.290782,-117.22551299999999
1126849,SR76-W,33.303867,-117.21373200000001
1126856,SR76-W,33.303877,-117.21372
1127045,SR76-W,33.332408,-117.157839
1112989,SR78-E,33.18018,-117.345529
1119414,SR78-E,33.181058,-117.337473
1108642,SR78-E,33.181058,-117.337473
1113383,SR78-E,33.181058,-117.337473
1108640,SR78-E,33.181922,-117.325418
1108639,SR78-E,33.181922,-117.325418
1113854,SR78-E,33.181922,-117.325418
1116318,SR78-E,33.182761,-117.298906
1113785,SR78-E,33.183355,-117.291525
1108638,SR78-E,33.183355,-117.291525
1108637,SR78-E,33.183355,-117.291525
1113849,SR78-E,33.188537,-117.27811100000001
1108329,SR78-E,33.188537,-117.27811100000001
1108328,SR78-E,33.188537,-117.27811100000001
1113846,SR78-E,33.19395,-117.247773
1108649,SR78-E,33.19395,-117.247773
1108650,SR78-E,33.19395,-117.247773
1108635,SR78-E,33.188581,-117.238652
1108636,SR78-E,33.188581,-117.238652
1113843,SR78-E,33.188581,-117.238652
1108633,SR78-E,33.179359999999996,-117.22931200000001
1113567,SR78-E,33.179359999999996,-117.22931200000001
1108634,SR78-E,33.179359999999996,-117.22931200000001
1108646,SR78-E,33.165286,-117.21329399999999
1108645,SR78-E,33.165286,-117.21329399999999
1113565,SR78-E,33.165286,-117.21329399999999
1108549,SR78-E,33.148672,-117.19671799999999
1113562,SR78-E,33.148672,-117.19671799999999
1108550,SR78-E,33.148672,-117.19671799999999
1116449,SR78-E,33.142724,-117.189536
1116448,SR78-E,33.142724,-117.189536
1116450,SR78-E,33.142724,-117.189536
1108601,SR78-E,33.13695,-117.17395800000001
1108602,SR78-E,33.13695,-117.17395800000001
1113857,SR78-E,33.13695,-117.17395800000001
1113558,SR78-E,33.137188,-117.161403
1113559,SR78-E,33.137188,-117.161403
1108699,SR78-E,33.137161,-117.161693
1108702,SR78-E,33.135005,-117.130963
1108703,SR78-E,33.135005,-117.130963
1108706,SR78-E,33.130975,-117.11914399999999
1108707,SR78-E,33.130975,-117.11914399999999
1113957,SR78-E,33.130975,-117.11914399999999
1126016,SR78-E,33.129096999999994,-117.11484499999999
1126027,SR78-E,33.126865,-117.109376
1112996,SR78-W,33.180359,-117.3456
1108620,SR78-W,33.18114,-117.341503
1113829,SR78-W,33.18114,-117.341503
1108619,SR78-W,33.18114,-117.341503
1108621,SR78-W,33.181371,-117.32910700000001
1113832,SR78-W,33.181371,-117.32910700000001
1108622,SR78-W,33.181371,-117.32910700000001
1108401,SR78-W,33.182924,-117.29891599999999
1108402,SR78-W,33.182924,-117.29891599999999
1108761,SR78-W,33.183237,-117.296191
1108760,SR78-W,33.183237,-117.296191
1113852,SR78-W,33.183237,-117.296191
1116167,SR78-W,33.183487,-117.29198500000001
1108623,SR78-W,33.187209,-117.281181
1108624,SR78-W,33.187209,-117.281181
1115897,SR78-W,33.188105,-117.279367
1108626,SR78-W,33.19428,-117.257749
1108625,SR78-W,33.19428,-117.257749
1119439,SR78-W,33.195032,-117.25171
1118260,SR78-W,33.195032,-117.25171
1119422,SR78-W,33.195032,-117.25171
1108627,SR78-W,33.190346999999996,-117.241253
1108628,SR78-W,33.190346999999996,-117.241253
1113840,SR78-W,33.190346999999996,-117.241253
1108629,SR78-W,33.181266,-117.23031999999999
1108630,SR78-W,33.181266,-117.23031999999999
1113542,SR78-W,33.181266,-117.23031999999999
1108644,SR78-W,33.168321,-117.216085
1113570,SR78-W,33.168321,-117.216085
1108643,SR78-W,33.168321,-117.216085
1113545,SR78-W,33.152467,-117.20085300000001
1108631,SR78-W,33.152467,-117.20085300000001
1108632,SR78-W,33.152467,-117.20085300000001
1116433,SR78-W,33.145066,-117.19219
1116431,SR78-W,33.144407,-117.191427
1116442,SR78-W,33.144407,-117.191427
1116443,SR78-W,33.144407,-117.191427
1108762,SR78-W,33.138597,-117.17811499999999
1108763,SR78-W,33.138597,-117.17811499999999
1108599,SR78-W,33.137764000000004,-117.175774
1108600,SR78-W,33.137764000000004,-117.175774
1113573,SR78-W,33.137764000000004,-117.175774
1108766,SR78-W,33.137113,-117.165751
1108697,SR78-W,33.137296,-117.16207
1108698,SR78-W,33.137296,-117.16207
1113549,SR78-W,33.137296,-117.16207
1113945,SR78-W,33.139377,-117.143728
1108700,SR78-W,33.139377,-117.143728
1108701,SR78-W,33.139377,-117.143728
1115692,SR78-W,33.135343,-117.132131
1100681,SR78-W,33.132973,-117.123193
1108705,SR78-W,33.133167,-117.12363700000002
1108704,SR78-W,33.133167,-117.12363700000002
1126022,SR78-W,33.12936,-117.11480300000001
1126035,SR78-W,33.127065,-117.10938200000001
1126036,SR78-W,33.127047,-117.10933500000002
1126037,SR78-W,33.127036,-117.109303
1108709,SR78-W,33.130085,-117.09519499999999
1108708,SR78-W,33.130085,-117.09519499999999
1108710,SR78-W,33.131040000000006,-117.09206
1108727,SR78-W,33.132236999999996,-117.086176
1119449,SR78-W,33.132236999999996,-117.086176
1127143,SR94-E,32.712839,-117.14711299999999
1127146,SR94-E,32.712839,-117.14711299999999
1108380,SR94-E,32.713033,-117.13854599999999
1108381,SR94-E,32.713033,-117.13854599999999
1116310,SR94-E,32.713260999999996,-117.13172
1108379,SR94-E,32.713260999999996,-117.13172
1108378,SR94-E,32.713260999999996,-117.13172
1122951,SR94-E,32.713706,-117.129104
1108377,SR94-E,32.714326,-117.126912
1108376,SR94-E,32.714326,-117.126912
1116713,SR94-E,32.716499,-117.11703700000001
1111568,SR94-E,32.716162,-117.119194
1111559,SR94-E,32.718623,-117.10450800000001
1116305,SR94-E,32.718925,-117.101118
1111567,SR94-E,32.718925,-117.101118
1118648,SR94-E,32.717692,-117.09044899999999
1108374,SR94-E,32.718527,-117.083198
1108375,SR94-E,32.718527,-117.083198
1100697,SR94-E,32.717708,-117.087724
1108506,SR94-E,32.724633000000004,-117.07472299999999
1127087,SR94-E,32.723665999999994,-117.07604599999999
1108505,SR94-E,32.724633000000004,-117.07472299999999
1126373,SR94-E,32.727761,-117.069682
1108504,SR94-E,32.744692,-117.04113500000001
1108503,SR94-E,32.744692,-117.04113500000001
1100703,SR94-E,32.744728,-117.04276399999999
1113966,SR94-E,32.745564,-117.033274
1108501,SR94-E,32.746399,-117.03044399999999
1100706,SR94-E,32.745393,-117.033929
1108502,SR94-E,32.746399,-117.03044399999999
1113181,SR94-E,,
1113270,SR94-E,32.767692,-117.00233999999999
1113305,SR94-E,,
1111558,SR94-W,32.713274,-117.13996499999999
1100711,SR94-W,32.713437,-117.131758
1108286,SR94-W,32.713331,-117.13363899999999
1108285,SR94-W,32.713331,-117.13363899999999
1122956,SR94-W,32.713724,-117.129847
1100714,SR94-W,32.715047,-117.12530100000001
1108287,SR94-W,32.714618,-117.126627
1108288,SR94-W,32.714618,-117.126627
1108289,SR94-W,32.716658,-117.120101
1108290,SR94-W,32.716658,-117.120101
1122443,SR94-W,32.716724,-117.119831
1108291,SR94-W,32.717096999999995,-117.118121
1108292,SR94-W,32.717096999999995,-117.118121
1108293,SR94-W,32.717806,-117.113818
1108294,SR94-W,32.717806,-117.113818
1108296,SR94-W,32.718221,-117.108883
1108295,SR94-W,32.718221,-117.108883
1108297,SR94-W,32.718209,-117.092942
1108302,SR94-W,32.717954999999996,-117.087127
1108303,SR94-W,32.717954999999996,-117.087127
1100729,SR94-W,32.718219,-117.084502
1108301,SR94-W,32.717981,-117.089472
1108304,SR94-W,32.720663,-117.080357
1100732,SR94-W,32.723406,-117.07673700000001
1108305,SR94-W,32.720663,-117.080357
1108307,SR94-W,32.724825,-117.074808
1108306,SR94-W,32.724825,-117.074808
1108309,SR94-W,32.734658,-117.058025
1100737,SR94-W,32.735898999999996,-117.056903
1108308,SR94-W,32.734658,-117.058025
1100741,SR94-W,32.742283,-117.050478
1108312,SR94-W,32.741248999999996,-117.05178899999999
1108310,SR94-W,32.739451,-117.05364499999999
1108311,SR94-W,32.741248999999996,-117.05178899999999
1108313,SR94-W,32.74454,-117.047105
1108314,SR94-W,32.74454,-117.047105
1100745,SR94-W,32.744926,-117.043357
1108316,SR94-W,32.744864,-117.040554
1108315,SR94-W,32.744864,-117.040554
1108317,SR94-W,32.745264,-117.03529499999999
1100750,SR94-W,32.745978,-117.03258500000001
1108318,SR94-W,32.745264,-117.03529499999999
1113173,SR94-W,32.746925,-117.023278
1113174,SR94-W,32.746925,-117.023278
1108321,SR94-W,32.754131,-117.010931
1113127,SR94-W,32.748892,-117.017105
1113540,SR94-W,32.748892,-117.017105
1113126,SR94-W,32.748892,-117.017105
1120121,SR94-W,32.753919,-117.01044399999999
1119205,SR125-N,32.702067,-117.01078500000001
1119252,SR125-N,32.707938,-117.01143700000002
1112974,SR125-N,32.708095,-117.01149699999999
1112964,SR125-N,32.708095,-117.01149699999999
1119187,SR125-N,32.700468,-117.011039
1119195,SR125-N,32.701761,-117.010827
1113266,SR125-N,32.711364,-117.012817
1113536,SR125-N,32.711364,-117.012817
1113537,SR125-N,32.711364,-117.012817
1113147,SR125-N,32.751745,-117.01332099999999
1119264,SR125-N,32.707947,-117.01144
1113017,SR125-N,32.753082,-117.011734
1113159,SR125-N,32.762454,-117.002152
1108372,SR125-N,32.754868,-117.00969599999999
1108373,SR125-N,32.754868,-117.00969599999999
1100757,SR125-N,32.751813,-117.012674
1113187,SR125-N,,
1113308,SR125-N,,
1113426,SR125-N,32.789787,-117.006258
1111555,SR125-N,32.789787,-117.006258
1113427,SR125-N,32.789787,-117.006258
1111557,SR125-N,32.797581,-117.005852
1113920,SR125-N,32.799642999999996,-117.00585
1113915,SR125-N,32.799642999999996,-117.00585
1113918,SR125-N,32.799642999999996,-117.00585
1113887,SR125-N,32.80162,-117.00585
1113222,SR125-N,32.80162,-117.00585
1113888,SR125-N,32.80162,-117.00585
1113894,SR125-N,32.808946999999996,-117.004005
1113898,SR125-N,32.808946999999996,-117.004005
1113897,SR125-N,32.808946999999996,-117.004005
1113327,SR125-N,,
1119186,SR125-S,32.700511,-117.01151899999999
1119251,SR125-S,32.707915,-117.01183700000001
1114013,SR125-S,,
1114006,SR125-S,,
1119196,SR125-S,32.701784,-117.011223
1114022,SR125-S,32.7108,-117.013001
1114018,SR125-S,32.7108,-117.013001
1114029,SR125-S,32.7108,-117.013001
1119232,SR125-S,32.702087,-117.011175
1113292,SR125-S,32.751745,-117.01332099999999
1119261,SR125-S,32.707923,-117.01183999999999
1113267,SR125-S,32.711324,-117.01321000000002
1113138,SR125-S,32.769869,-117.00215800000001
1116377,SR125-S,32.769869,-117.00215800000001
1113139,SR125-S,32.769869,-117.00215800000001
1113297,SR125-S,32.753082,-117.011734
1113301,SR125-S,32.759053,-117.004687
1113413,SR125-S,32.77194,-117.00214799999999
1108325,SR125-S,32.77194,-117.00214799999999
1108326,SR125-S,32.774938,-117.003022
1108327,SR125-S,32.774938,-117.003022
1108759,SR125-S,32.778473999999996,-117.00407299999999
1113378,SR125-S,32.790952000000004,-117.00641399999999
1111554,SR125-S,32.790952000000004,-117.00641399999999
1113377,SR125-S,32.790952000000004,-117.00641399999999
1111556,SR125-S,32.797573,-117.00603000000001
1113904,SR125-S,32.798972,-117.006024
1113907,SR125-S,32.798972,-117.006024
1113909,SR125-S,32.798972,-117.006024
1113218,SR125-S,32.801717,-117.005999
1113882,SR125-S,32.801717,-117.005999
1113219,SR125-S,32.801717,-117.005999
1113335,SR125-S,,
1113279,SR163-N,32.74672,-117.156318
1111520,SR163-N,32.7516,-117.15580600000001
1121818,SR163-N,32.757697,-117.16005600000001
1114450,SR163-N,32.767979,-117.16213
1114457,SR163-N,32.783982,-117.16169199999999
1114471,SR163-N,32.804762,-117.15410800000001
1116023,SR163-N,32.812726,-117.151215
1116139,SR163-N,32.812726,-117.151215
1108564,SR163-N,32.82371,-117.145554
1108565,SR163-N,32.82371,-117.145554
1113595,SR163-N,32.825585,-117.14453200000001
1113594,SR163-N,32.825585,-117.14453200000001
1116145,SR163-N,32.8269,-117.143798
1100776,SR163-N,32.828266,-117.143029
1108569,SR163-N,32.831519,-117.141267
1108567,SR163-N,32.833983,-117.13965
1108568,SR163-N,32.833983,-117.13965
1116098,SR163-N,32.845121,-117.12966499999999
1108571,SR163-N,32.855097,-117.11825900000001
1108570,SR163-N,32.855097,-117.11825900000001
1100781,SR163-N,32.852021,-117.12351299999999
1127164,SR163-N,32.857558000000004,-117.113619
1111539,SR163-S,32.746765,-117.156512
1108332,SR163-S,32.749679,-117.155519
1108331,SR163-S,32.749679,-117.155519
1121821,SR163-S,32.757765,-117.16038799999998
1114463,SR163-S,32.784015000000004,-117.16195
1111509,SR163-S,32.790684999999996,-117.15953600000002
1114478,SR163-S,32.804840000000006,-117.15441499999999
1116092,SR163-S,32.812726,-117.151215
1100787,SR163-S,32.824709000000006,-117.145284
1108486,SR163-S,32.819055,-117.148319
1108487,SR163-S,32.819055,-117.148319
1108484,SR163-S,32.819919,-117.14784399999999
1108485,SR163-S,32.819919,-117.14784399999999
1100796,SR163-S,32.824709000000006,-117.145284
1116105,SR163-S,32.82698,-117.14398999999999
1108483,SR163-S,32.830482,-117.14206599999999
1116158,SR163-S,32.845306,-117.129876
1108722,SR163-S,32.854096999999996,-117.121278
1113599,SR163-S,32.854096999999996,-117.121278
1108721,SR163-S,32.854096999999996,-117.121278
1111525,SR163-S,32.852213,-117.12371200000001
1119784,I805-N,32.54945,-117.039282
1119797,I805-N,32.553573,-117.04135500000001
1118663,I805-N,32.558301,-117.042253
1118677,I805-N,32.572606,-117.039448
1125892,I805-N,32.57282,-117.039395
1126368,I805-N,32.578428,-117.03808400000001
1122699,I805-N,32.584089,-117.036837
1116399,I805-N,32.596794,-117.03611599999999
1116398,I805-N,32.596794,-117.03611599999999
1116061,I805-N,32.596794,-117.03611599999999
1115905,I805-N,32.602959999999996,-117.03612199999999
1116497,I805-N,32.608222,-117.036161
1116496,I805-N,32.608222,-117.036161
1116055,I805-N,32.585228,-117.03657700000001
1122693,I805-N,32.618854999999996,-117.03938799999999
1120025,I805-N,32.636725,-117.049889
1125984,I805-N,32.636888,-117.04961499999999
1120303,I805-N,32.639241999999996,-117.05358400000001
1120300,I805-N,32.639241999999996,-117.05358400000001
1116413,I805-N,32.639745,-117.05428899999998
1116414,I805-N,32.639745,-117.05428899999998
1125993,I805-N,32.639765000000004,-117.054313
1120256,I805-N,32.649165999999994,-117.063149
1125507,I805-N,32.649165999999994,-117.063149
1120266,I805-N,32.649165999999994,-117.063149
1120263,I805-N,32.649165999999994,-117.063149
1125965,I805-N,32.659692,-117.075556
1125958,I805-N,32.663039000000005,-117.07843799999999
1125953,I805-N,32.663052,-117.078447
1125944,I805-N,32.672965999999995,-117.082421
1108448,I805-N,32.679390000000005,-117.085552
1100802,I805-N,32.674951,-117.08331000000001
1108449,I805-N,32.679390000000005,-117.085552
1125936,I805-N,32.678136,-117.084906
1125925,I805-N,32.686782,-117.091828
1125457,I805-N,32.691156,-117.094637
1108445,I805-N,32.69505,-117.094746
1125459,I805-N,32.691156,-117.094637
1125461,I805-N,32.691184,-117.094646
1108443,I805-N,32.706078999999995,-117.095707
1100810,I805-N,32.700911,-117.09464799999999
1108444,I805-N,32.706078999999995,-117.095707
1100813,I805-N,32.709553,-117.098712
1108442,I805-N,32.71562,-117.102668
1108441,I805-N,32.71562,-117.102668
1126556,I805-N,32.724275,-117.10265600000001
1126553,I805-N,32.724289,-117.10266000000001
1126544,I805-N,32.724289,-117.10266000000001
1126548,I805-N,32.724289,-117.10266000000001
1119383,I805-N,32.729888,-117.107483
1122928,I805-N,32.734846000000005,-117.113294
1123176,I805-N,32.737596999999994,-117.11437099999999
1113258,I805-N,32.588107,-117.03620900000001
1111572,I805-N,32.588107,-117.03620900000001
1122354,I805-N,32.747207,-117.121169
1122355,I805-N,32.747207,-117.121169
1121253,I805-N,32.747207,-117.121169
1118908,I805-N,32.750436,-117.12313700000001
1118915,I805-N,32.760845,-117.12661000000001
1116112,I805-N,32.781007,-117.138625
1113460,I805-N,32.782683,-117.140648
1108572,I805-N,32.789215000000006,-117.148381
1108573,I805-N,32.789215000000006,-117.148381
1113457,I805-N,32.789215000000006,-117.148381
1116119,I805-N,32.793921999999995,-117.149602
1116126,I805-N,32.800142,-117.149601
1116133,I805-N,32.804673,-117.15082199999999
1115240,I805-N,32.81172,-117.15531000000001
1113451,I805-N,32.822716,-117.162825
1108574,I805-N,32.822716,-117.162825
1118020,I805-N,32.817749,-117.159929
1117850,I805-N,32.819359000000006,-117.160872
1125987,I805-N,32.832144,-117.168507
1108578,I805-N,32.834353,-117.169886
1108577,I805-N,32.834353,-117.169886
1108579,I805-N,32.835278,-117.170465
1113448,I805-N,32.835278,-117.170465
1126175,I805-N,32.842493,-117.174848
1126184,I805-N,32.847538,-117.17790900000001
1126596,I805-N,32.847577,-117.17793200000001
1126297,I805-N,32.847538,-117.17790900000001
1108580,I805-N,32.859732,-117.185429
1108581,I805-N,32.859732,-117.185429
1100839,I805-N,32.855584,-117.182818
1126303,I805-N,32.858928999999996,-117.184894
1111553,I805-N,32.874028,-117.198448
1126309,I805-N,32.867259999999995,-117.19234099999998
1113928,I805-N,32.87762,-117.20008999999999
1108582,I805-N,32.87762,-117.20008999999999
1108583,I805-N,32.87762,-117.20008999999999
1126313,I805-N,32.876477,-117.19971299999999
1108584,I805-N,32.880542999999996,-117.200966
1115964,I805-N,32.881653,-117.201619
1126605,I805-N,32.881803999999995,-117.201353
1126321,I805-N,32.881873999999996,-117.201375
1108653,I805-N,32.892161,-117.20868899999999
1108654,I805-N,32.892161,-117.20868899999999
1126331,I805-N,32.891358000000004,-117.207213
1126599,I805-N,32.891626,-117.20768500000001
1125788,I805-N,32.891626,-117.20768500000001
1119790,I805-S,32.553604,-117.04166299999999
1118656,I805-S,32.558345,-117.042588
1118670,I805-S,32.572631,-117.039744
1126247,I805-S,32.572773,-117.039709
1119804,I805-S,32.578123,-117.038471
1122706,I805-S,32.584087,-117.037094
1115912,I805-S,32.596509999999995,-117.03645800000001
1116508,I805-S,32.603075,-117.03643500000001
1116507,I805-S,32.585213,-117.036845
1115979,I805-S,32.585213,-117.036845
1115972,I805-S,32.585213,-117.036845
1126792,I805-S,32.618778999999996,-117.039649
1126790,I805-S,32.618778999999996,-117.039649
1126791,I805-S,32.618778999999996,-117.039649
1126781,I805-S,32.618793,-117.03965500000001
1120291,I805-S,32.630621999999995,-117.04465800000001
1125978,I805-S,32.630662,-117.044679
1120018,I805-S,32.636725,-117.049889
1125981,I805-S,32.636743,-117.049916
1116424,I805-S,32.639599,-117.054604
1116423,I805-S,32.639599,-117.054604
1125991,I805-S,32.639619,-117.054629
1125989,I805-S,32.647290999999996,-117.06051200000002
1121401,I805-S,32.647524,-117.060767
1121419,I805-S,32.647524,-117.060767
1121422,I805-S,32.647524,-117.060767
1125972,I805-S,32.651416999999995,-117.06818600000001
1126645,I805-S,32.653504999999996,-117.070333
1121394,I805-S,32.654401,-117.071164
1122335,I805-S,32.654401,-117.071164
1125962,I805-S,32.659268,-117.075553
1126006,I805-S,32.659734,-117.075966
1125969,I805-S,32.659909000000006,-117.076121
1121387,I805-S,32.660084000000005,-117.07627600000001
1121413,I805-S,32.660084000000005,-117.07627600000001
1121415,I805-S,32.660084000000005,-117.07627600000001
1120497,I805-S,32.662772,-117.078579
1125948,I805-S,32.662772,-117.078579
1125257,I805-S,32.662772,-117.078579
1120683,I805-S,32.67285,-117.0827
1125938,I805-S,32.672863,-117.082706
1126275,I805-S,32.678036999999996,-117.085196
1126272,I805-S,32.678036999999996,-117.085196
1111548,I805-S,32.678024,-117.08518899999999
1125934,I805-S,32.678064,-117.085209
1117979,I805-S,32.686682,-117.09211
1125928,I805-S,32.686682,-117.09211
1119477,I805-S,32.686704,-117.092133
1125932,I805-S,32.686725,-117.092156
1111547,I805-S,32.691937,-117.094971
1125463,I805-S,32.691153,-117.09490500000001
1111546,I805-S,32.705149,-117.09561299999999
1111544,I805-S,32.725755,-117.103501
1118894,I805-S,32.729729,-117.10769599999999
1122929,I805-S,32.734623,-117.113506
1123210,I805-S,32.740965,-117.11652600000001
1111543,I805-S,32.748401,-117.12251100000002
1111542,I805-S,32.755311,-117.12510800000001
1123124,I805-S,32.760708,-117.12690400000001
1115921,I805-S,32.780869,-117.138874
1108392,I805-S,32.782844,-117.141449
1100850,I805-S,32.787244,-117.147448
1108391,I805-S,32.782844,-117.141449
1115929,I805-S,32.786575,-117.146795
1115937,I805-S,32.793785,-117.149874
1108393,I805-S,32.798331,-117.149654
1108394,I805-S,32.798331,-117.149654
1116579,I805-S,32.803539,-117.150852
1115946,I805-S,32.803539,-117.150852
1111570,I805-S,32.808716,-117.15295
1113254,I805-S,32.644693,-117.058357
1115246,I805-S,32.811568,-117.15558300000001
1115956,I805-S,32.811535,-117.15555
1118013,I805-S,32.817541,-117.16011999999999
1120247,I805-S,32.819236,-117.16111699999999
1118957,I805-S,32.821375,-117.16237199999999
1117945,I805-S,32.821375,-117.16237199999999
1118950,I805-S,32.822410999999995,-117.162995
1120240,I805-S,32.822410999999995,-117.162995
1117857,I805-S,32.817425,-117.16005
1108400,I805-S,32.832322999999995,-117.16901299999999
1100863,I805-S,32.837296,-117.17203899999998
1100860,I805-S,32.837296,-117.17203899999998
1108398,I805-S,32.831346999999994,-117.16840400000001
1108399,I805-S,32.831346999999994,-117.16840400000001
1108410,I805-S,32.856177,-117.18355
1100865,I805-S,32.860423,-117.186276
1108411,I805-S,32.856177,-117.18355
1126301,I805-S,32.857517,-117.184366
1108765,I805-S,32.864267,-117.189842
1108764,I805-S,32.864267,-117.189842
1126306,I805-S,32.867111,-117.192527
1108413,I805-S,32.872888,-117.19798200000001
1108414,I805-S,32.872888,-117.19798200000001
1100868,I805-S,32.879225,-117.20088600000001
1126311,I805-S,32.875214,-117.199475
1108412,I805-S,32.872875,-117.197973
1100871,I805-S,32.879225,-117.20088600000001
1126319,I805-S,32.881653,-117.201619
1126323,I805-S,32.881935999999996,-117.201704
1108553,I805-S,32.889140000000005,-117.20496100000001
1113473,I805-S,32.889140000000005,-117.20496100000001
1126601,I805-S,32.889117999999996,-117.20493799999998
1125772,I805-S,32.891018,-117.20713500000001
1125775,I805-S,32.891018,-117.20713500000001
1125769,I805-S,32.891018,-117.20713500000001
1126534,I805-S,32.889117999999996,-117.20493799999998
1126327,I805-S,32.891018,-117.20713500000001
1125836,I905-E,32.567851,-117.03319499999999
1126520,I905-E,32.568008,-117.035201
1126522,I905-E,32.568008,-117.03516599999999
1125813,I905-E,32.568391999999996,-117.02431000000001
1125812,I905-E,32.568391999999996,-117.02431000000001
1125835,I905-E,32.568134,-117.006514
1125805,I905-E,32.566314,-117.004599
1125799,I905-E,32.564763,-116.988199
1125794,I905-E,32.56415,-116.982231
1123308,I905-E,32.56412,-116.978
1123302,I905-E,32.56412,-116.978
1123300,I905-E,32.56412,-116.978
1123282,I905-E,32.56407,-116.969401
1123270,I905-E,32.563871,-116.95105500000001
1123312,I905-E,32.557624,-116.942136
1126762,I905-E,32.554821999999994,-116.939675
1126526,I905-W,32.568319,-117.03537299999999
1126531,I905-W,32.568319,-117.03535600000001
1126528,I905-W,32.568319,-117.03535600000001
1125348,I905-W,32.568732000000004,-117.024274
1125353,I905-W,32.566603,-117.00447199999999
1125359,I905-W,32.565082000000004,-116.988059
1123287,I905-W,32.564408,-116.97787199999999
1123276,I905-W,32.564372999999996,-116.969279
1123327,I905-W,32.564358,-116.964767
1123261,I905-W,32.564112,-116.950744
1122411,I905-W,32.558222,-116.94261000000002
1122412,I905-W,32.558222,-116.94261000000002
1122413,I905-W,32.558222,-116.94261000000002
